FIPS_Name,CBSA_ID,CBSA_Name,FIPS_ID
Stafford County,47894,"Washington-Arlington-Alexandria, DC-VA-MD-WV",51179
Jasper County,23844,"Gary, IN",18073
Suffolk County,14454,"Boston, MA",25025
Sussex County,35084,"Newark, NJ-PA",34037
Newton County,23844,"Gary, IN",18111
Camden County,15804,"Camden, NJ",34007
Alexandria city,47894,"Washington-Arlington-Alexandria, DC-VA-MD-WV",51510
Broward County,22744,"Fort Lauderdale-Pompano Beach-Sunrise, FL",12011
Rockwall County,19124,"Dallas-Plano-Irving, TX",48397
Wayne County,19804,"Detroit-Dearborn-Livonia, MI",26163
Palm Beach County,48424,"West Palm Beach-Boca Raton-Boynton Beach, FL",12099
Cecil County,48864,"Wilmington, DE-MD-NJ",24015
Lake County,23844,"Gary, IN",18089
Miami-Dade County,33124,"Miami-Miami Beach-Kendall, FL",12086
Rappahannock County,47894,"Washington-Arlington-Alexandria, DC-VA-MD-WV",51157
Los Angeles County,31084,"Los Angeles-Long Beach-Glendale, CA",06037
Suffolk County,35004,"Nassau County-Suffolk County, NY",36103
Parker County,23104,"Fort Worth-Arlington-Grapevine, TX",48367
Union County,35084,"Newark, NJ-PA",34039
New Castle County,48864,"Wilmington, DE-MD-NJ",10003
Philadelphia County,37964,"Philadelphia, PA",42101
Kendall County,20994,"Elgin, IL",17093
District of Columbia,47894,"Washington-Arlington-Alexandria, DC-VA-MD-WV",11001
Kenosha County,29404,"Lake County-Kenosha County, IL-WI",55059
San Francisco County,41884,"San Francisco-San Mateo-Redwood City, CA",06075
Cook County,16984,"Chicago-Naperville-Evanston, IL",17031
Marin County,42034,"San Rafael, CA",06041
Falls Church city,47894,"Washington-Arlington-Alexandria, DC-VA-MD-WV",51610
DeKalb County,20994,"Elgin, IL",17037
Kaufman County,19124,"Dallas-Plano-Irving, TX",48257
Johnson County,23104,"Fort Worth-Arlington-Grapevine, TX",48251
Madison County,47894,"Washington-Arlington-Alexandria, DC-VA-MD-WV",51113
Calvert County,47894,"Washington-Arlington-Alexandria, DC-VA-MD-WV",24009
Burlington County,15804,"Camden, NJ",34005
Porter County,23844,"Gary, IN",18127
Fauquier County,47894,"Washington-Arlington-Alexandria, DC-VA-MD-WV",51061
Nassau County,35004,"Nassau County-Suffolk County, NY",36059
Middlesex County,35154,"New Brunswick-Lakewood, NJ",34023
Frederick County,23224,"Frederick-Gaithersburg-Rockville, MD",24021
Lapeer County,47664,"Warren-Troy-Farmington Hills, MI",26087
Fairfax city,47894,"Washington-Arlington-Alexandria, DC-VA-MD-WV",51600
Contra Costa County,36084,"Oakland-Berkeley-Livermore, CA",06013
Westchester County,35614,"New York-Jersey City-White Plains, NY-NJ",36119
St. Clair County,47664,"Warren-Troy-Farmington Hills, MI",26147
Livingston County,47664,"Warren-Troy-Farmington Hills, MI",26093
Snohomish County,42644,"Seattle-Bellevue-Kent, WA",53061
Middlesex County,15764,"Cambridge-Newton-Framingham, MA",25017
Hudson County,35614,"New York-Jersey City-White Plains, NY-NJ",34017
Jefferson County,47894,"Washington-Arlington-Alexandria, DC-VA-MD-WV",54037
Prince William County,47894,"Washington-Arlington-Alexandria, DC-VA-MD-WV",51153
Chester County,33874,"Montgomery County-Bucks County-Chester County, PA",42029
Tarrant County,23104,"Fort Worth-Arlington-Grapevine, TX",48439
Prince George's County,47894,"Washington-Arlington-Alexandria, DC-VA-MD-WV",24033
Kane County,20994,"Elgin, IL",17089
Richmond County,35614,"New York-Jersey City-White Plains, NY-NJ",36085
Montgomery County,23224,"Frederick-Gaithersburg-Rockville, MD",24031
Manassas Park city,47894,"Washington-Arlington-Alexandria, DC-VA-MD-WV",51685
Arlington County,47894,"Washington-Arlington-Alexandria, DC-VA-MD-WV",51013
Grundy County,16984,"Chicago-Naperville-Evanston, IL",17063
Wise County,23104,"Fort Worth-Arlington-Grapevine, TX",48497
Putnam County,35614,"New York-Jersey City-White Plains, NY-NJ",36079
Ellis County,19124,"Dallas-Plano-Irving, TX",48139
Monmouth County,35154,"New Brunswick-Lakewood, NJ",34025
Somerset County,35154,"New Brunswick-Lakewood, NJ",34035
Ocean County,35154,"New Brunswick-Lakewood, NJ",34029
Hunt County,19124,"Dallas-Plano-Irving, TX",48231
Clarke County,47894,"Washington-Arlington-Alexandria, DC-VA-MD-WV",51043
Rockingham County,40484,"Rockingham County-Strafford County, NH",33015
King County,42644,"Seattle-Bellevue-Kent, WA",53033
Macomb County,47664,"Warren-Troy-Farmington Hills, MI",26099
Alameda County,36084,"Oakland-Berkeley-Livermore, CA",06001
Gloucester County,15804,"Camden, NJ",34015
Will County,16984,"Chicago-Naperville-Evanston, IL",17197
Collin County,19124,"Dallas-Plano-Irving, TX",48085
Montgomery County,33874,"Montgomery County-Bucks County-Chester County, PA",42091
Morris County,35084,"Newark, NJ-PA",34027
Essex County,35084,"Newark, NJ-PA",34013
Denton County,19124,"Dallas-Plano-Irving, TX",48121
Queens County,35614,"New York-Jersey City-White Plains, NY-NJ",36081
Delaware County,37964,"Philadelphia, PA",42045
Bergen County,35614,"New York-Jersey City-White Plains, NY-NJ",34003
DuPage County,16984,"Chicago-Naperville-Evanston, IL",17043
Kings County,35614,"New York-Jersey City-White Plains, NY-NJ",36047
New York County,35614,"New York-Jersey City-White Plains, NY-NJ",36061
Lake County,29404,"Lake County-Kenosha County, IL-WI",17097
Charles County,47894,"Washington-Arlington-Alexandria, DC-VA-MD-WV",24017
Dallas County,19124,"Dallas-Plano-Irving, TX",48113
Fredericksburg city,47894,"Washington-Arlington-Alexandria, DC-VA-MD-WV",51630
Orange County,11244,"Anaheim-Santa Ana-Irvine, CA",06059
Oakland County,47664,"Warren-Troy-Farmington Hills, MI",26125
Bucks County,33874,"Montgomery County-Bucks County-Chester County, PA",42017
Passaic County,35614,"New York-Jersey City-White Plains, NY-NJ",34031
Salem County,48864,"Wilmington, DE-MD-NJ",34033
Essex County,15764,"Cambridge-Newton-Framingham, MA",25009
Rockland County,35614,"New York-Jersey City-White Plains, NY-NJ",36087
Fairfax County,47894,"Washington-Arlington-Alexandria, DC-VA-MD-WV",51059
San Mateo County,41884,"San Francisco-San Mateo-Redwood City, CA",06081
McHenry County,16984,"Chicago-Naperville-Evanston, IL",17111
Hunterdon County,35084,"Newark, NJ-PA",34019
Pike County,35084,"Newark, NJ-PA",42103
Loudoun County,47894,"Washington-Arlington-Alexandria, DC-VA-MD-WV",51107
Culpeper County,47894,"Washington-Arlington-Alexandria, DC-VA-MD-WV",51047
Warren County,47894,"Washington-Arlington-Alexandria, DC-VA-MD-WV",51187
Manassas city,47894,"Washington-Arlington-Alexandria, DC-VA-MD-WV",51683
Spotsylvania County,47894,"Washington-Arlington-Alexandria, DC-VA-MD-WV",51177
Strafford County,40484,"Rockingham County-Strafford County, NH",33017
Pierce County,45104,"Tacoma-Lakewood, WA",53053
Norfolk County,14454,"Boston, MA",25021
Plymouth County,14454,"Boston, MA",25023
Bronx County,35614,"New York-Jersey City-White Plains, NY-NJ",36005
